英文名稱	中文名稱	食物類別	推薦地點 / 城市分佈	兩地風格差異 / 備註
Chilli Pan Mee	辣椒板麵	乾撈麵食	吉隆坡	吉隆坡原創，配香脆江魚仔、肉碎、半熟蛋與自調炸乾辣椒碎
Claypot Lou Shu Fun	砂煲老鼠粉	砂煲粉食	吉隆坡	滾燙砂煲配黑醬肉碎、豬油渣，打生雞蛋趁熱拌開
Claypot Chicken Rice	瓦煲雞飯	砂煲飯食	吉隆坡	炭爐生米滾煮，配醃雞肉、臘腸與鹹魚碎，帶酥脆鍋巴
Curry Mee	咖哩麵	椰漿湯麵	吉隆坡	濃郁椰漿咖哩湯，精髓在於鮮甜半熟鮮血蚶與豆腐卜
Char Kway Kak	炒粿角	鐵板炒小吃	吉隆坡	鐵盤碎炒米漿糕，配黑老抽、辣醬、大量菜脯與鴨蛋
Bak Chor Mee	肉脞麵（肉碎麵）	乾撈麵食	新加坡	扁黃麵拌黑米醋、辣椒醬與豬油渣，精髓是薄切粉嫩鮮豬肝
White Bee Hoon	炒白米粉（白米粉）	濕煨米粉	新加坡	三巴旺發跡，濃郁海鮮老母雞高湯煨粗米粉，擠酸柑汁提鮮
Chwee Kueh	水粿	潮州米糕點	新加坡	蒸米糕鋪上一大勺豬油蒜蓉慢炒的深褐色鹹香菜脯碎粒
Ngoh Hiang	五香貫腸（五香）	潮閩炸物拼盤	新加坡	自選五香腐皮肉卷、粉紅灌腸、蝦餅切塊，沾黑滷汁與辣醬
Hokkien Mee	福建麵	爆炒麵食	兩地皆有（風格不同）	新加坡：白褐色黃麵米粉蝦湯煨炒；吉隆坡：粗黃麵黑醬豬油渣炭炒
Bak Kut Teh	肉骨茶	燉湯類	兩地皆有（風格不同）	新加坡：白胡椒蒜香排骨清湯；吉隆坡：深色中藥膳湯底 / 乾肉骨茶
Roti Prata / Roti Canai	印度煎餅	印度煎餅	兩地皆有（風格不同）	新加坡（Prata）：酥脆空氣感配魚咖哩/糖；吉隆坡（Canai）：軟韌配豆糊
Kway Chap	潮州粿汁	潮州滷雜配米粉	兩地皆有（風格不同）	新加坡：滷汁偏清甜醬香；吉隆坡：滷汁藥膳味（當歸八角）較厚
Har Mee / Prawn Noodles	蝦麵 / 蝦湯麵	湯麵 / 乾撈	兩地皆有（風格不同）	新加坡：蝦湯清醇鮮甜；吉隆坡：紅油與爆炒蝦膏味更濃烈辛香
Beef Noodles	牛肉麵 / 牛雜粉	滷雜麵食	兩地皆有（風格不同）	兩地皆有金錢肚、牛筋；吉隆坡老字號乾撈黑醬汁更厚重油亮
Chai Tow Kway	炒蘿蔔糕	鐵板炒糕	兩地皆有（風格不同）	新加坡：成熟的「黑（甜醬）白（鹹蛋）」分立；吉隆坡：多稱炒菜頭粿
Rojak	黑蝦膏囉惹	蔬果溫拌沙律	兩地皆有（風格不同）	新加坡：黑蝦膏拌青芒油條；吉隆坡：常見淋溫熱花生紅薯醬的 Pasembur
Nasi Padang	巴東飯	飯食配菜	兩地皆有（風格相近）	蘇門答臘起源，指選主菜配白飯，必點巴東牛肉與淋混合汁（Kuah Campur）
Ikan Bakar	芭蕉葉烤魚	炭火海鮮	兩地皆有（風格相近）	魚類（特別是魔鬼魚）抹厚參巴辣醬，墊芭蕉葉炭火炙烤，擠酸柑食用
Fried Bee Hoon	經濟炒米粉	炒粉主食	兩地皆有（風格相近）	熟食中心早餐靈魂，黑醬油炒乾米粉，配煎蛋、炸雞翼或菜尾
Paru Goreng / Sambal Paru	香炸牛肺（參巴牛肺）	內臟小吃	兩地皆有（風格相近）	牛肺切薄片炸至酥脆如肉乾，裹上紅亮甜辣參巴醬
Lei Cha	客家擂茶	客家湯泡飯	兩地皆有（風格相近）	糙米飯配長豆、菜脯花生，淋上薄荷九層塔綠茶熱濃湯
Chendol	煎豆冰（珍多冰）	刨冰甜品	兩地皆有（風格相近）	鮮刨冰配現榨椰漿、天然斑蘭綠粉條，靈魂在於純正馬六甲椰糖